Time From (DK local time),Time To (DK local time),Heat Demand (MWh),Electricity Price (DKK/Mwh(el)),ElectricityProduction (MWh),ElectricityConsumption (MWh),CO2Production (KG),UnitLoadDistribution(MWh)
08/09/2025 00:00:00,08/09/2025 01:00:00,3.58,515.04,0,0,473.72,GB1:3|GB2:0.5800000000000001
08/09/2025 01:00:00,08/09/2025 02:00:00,3.69,525.78,0,0,488.46,GB1:3|GB2:0.69
08/09/2025 02:00:00,08/09/2025 03:00:00,3.52,525.26,0,0,465.68,GB1:3|GB2:0.52
08/09/2025 03:00:00,08/09/2025 04:00:00,3.35,540.48,0,0,442.90000000000003,GB1:3|GB2:0.3500000000000001
08/09/2025 04:00:00,08/09/2025 05:00:00,3.46,559.05,0,0,457.64,GB1:3|GB2:0.45999999999999996
08/09/2025 05:00:00,08/09/2025 06:00:00,3.58,703.4,2.6343396226415097,0,812.66,GM1:3.58
08/09/2025 06:00:00,08/09/2025 07:00:00,3.64,794.42,2.6784905660377363,0,826.28,GM1:3.64
08/09/2025 07:00:00,08/09/2025 08:00:00,3.62,847.08,2.6637735849056607,0,821.74,GM1:3.62
08/09/2025 08:00:00,08/09/2025 09:00:00,3.69,759.8,2.715283018867925,0,837.63,GM1:3.69
08/09/2025 09:00:00,08/09/2025 10:00:00,3.76,640.29,2.7667924528301886,0,853.52,GM1:3.76
08/09/2025 10:00:00,08/09/2025 11:00:00,4,551.37,0,0,530,GB1:3|GB2:1
08/09/2025 11:00:00,08/09/2025 12:00:00,3.73,474.61,0,0,493.82,GB1:3|GB2:0.73
08/09/2025 12:00:00,08/09/2025 13:00:00,3.57,432.83,0,0,472.38,GB1:3|GB2:0.5699999999999998
08/09/2025 13:00:00,08/09/2025 14:00:00,3.2,489.45,0,0,422.8,GB1:3|GB2:0.20000000000000018
08/09/2025 14:00:00,08/09/2025 15:00:00,3.13,538.31,0,0,413.41999999999996,GB1:3|GB2:0.1299999999999999
08/09/2025 15:00:00,08/09/2025 16:00:00,3.09,672,2.2737735849056606,0,701.43,GM1:3.09
08/09/2025 16:00:00,08/09/2025 17:00:00,3.15,927.13,2.3179245283018868,0,715.05,GM1:3.15
08/09/2025 17:00:00,08/09/2025 18:00:00,3.06,1466.71,2.2516981132075475,0,694.62,GM1:3.06
08/09/2025 18:00:00,08/09/2025 19:00:00,3.04,3085.9,2.236981132075472,0,690.08,GM1:3.04
08/09/2025 19:00:00,08/09/2025 20:00:00,3,2301.56,2.207547169811321,0,681,GM1:3
08/09/2025 20:00:00,08/09/2025 21:00:00,2.99,1133.92,2.2001886792452834,0,678.73,GM1:2.99
08/09/2025 21:00:00,08/09/2025 22:00:00,2.97,924.52,2.185471698113208,0,674.19,GM1:2.97
08/09/2025 22:00:00,08/09/2025 23:00:00,3.03,843.88,2.229622641509434,0,687.81,GM1:3.03
08/09/2025 23:00:00,09/09/2025 00:00:00,3.1,854.32,2.281132075471698,0,703.7,GM1:3.1
09/09/2025 00:00:00,09/09/2025 01:00:00,3.08,838.95,2.266415094339623,0,699.16,GM1:3.08
09/09/2025 01:00:00,09/09/2025 02:00:00,2.95,823.21,2.1707547169811323,0,669.6500000000001,GM1:2.95
09/09/2025 02:00:00,09/09/2025 03:00:00,2.82,819.11,2.0750943396226416,0,640.14,GM1:2.82
09/09/2025 03:00:00,09/09/2025 04:00:00,2.87,820.53,2.1118867924528306,0,651.49,GM1:2.87
09/09/2025 04:00:00,09/09/2025 05:00:00,2.86,881.62,2.1045283018867926,0,649.22,GM1:2.86
09/09/2025 05:00:00,09/09/2025 06:00:00,2.91,1360.63,2.1413207547169812,0,660.57,GM1:2.91
09/09/2025 06:00:00,09/09/2025 07:00:00,2.94,2189.51,2.1633962264150943,0,667.38,GM1:2.94
09/09/2025 07:00:00,09/09/2025 08:00:00,3.01,1469.47,2.2149056603773585,0,683.27,GM1:3.01
09/09/2025 08:00:00,09/09/2025 09:00:00,3.24,951.82,2.384150943396227,0,735.48,GM1:3.24
09/09/2025 09:00:00,09/09/2025 10:00:00,3.4,758.91,2.5018867924528303,0,771.8,GM1:3.4
09/09/2025 10:00:00,09/09/2025 11:00:00,3.47,737.94,2.553396226415095,0,787.69,GM1:3.47
09/09/2025 11:00:00,09/09/2025 12:00:00,3.36,639.17,2.4724528301886792,0,762.72,GM1:3.36
09/09/2025 12:00:00,09/09/2025 13:00:00,3.15,620.9,0.11037735849056599,0,430.04999999999995,GB1:3|GM1:0.1499999999999999
09/09/2025 13:00:00,09/09/2025 14:00:00,2.91,618.73,0,0,384.12,GB1:2.91
09/09/2025 14:00:00,09/09/2025 15:00:00,2.87,668.42,2.1118867924528306,0,651.49,GM1:2.87
09/09/2025 15:00:00,09/09/2025 16:00:00,2.84,745.7,2.089811320754717,0,644.68,GM1:2.84
09/09/2025 16:00:00,09/09/2025 17:00:00,2.94,950.48,2.1633962264150943,0,667.38,GM1:2.94
09/09/2025 17:00:00,09/09/2025 18:00:00,2.93,1437.39,2.156037735849057,0,665.11,GM1:2.93
09/09/2025 18:00:00,09/09/2025 19:00:00,3,2882.54,2.207547169811321,0,681,GM1:3
09/09/2025 19:00:00,09/09/2025 20:00:00,3,1608.3,2.207547169811321,0,681,GM1:3
09/09/2025 20:00:00,09/09/2025 21:00:00,2.87,987.48,2.1118867924528306,0,651.49,GM1:2.87
09/09/2025 21:00:00,09/09/2025 22:00:00,2.89,848.28,2.1266037735849057,0,656.03,GM1:2.89
09/09/2025 22:00:00,09/09/2025 23:00:00,2.87,790.76,2.1118867924528306,0,651.49,GM1:2.87
09/09/2025 23:00:00,10/09/2025 00:00:00,2.94,751.37,2.1633962264150943,0,667.38,GM1:2.94
10/09/2025 00:00:00,10/09/2025 01:00:00,2.8,754.65,2.060377358490566,0,635.5999999999999,GM1:2.8
10/09/2025 01:00:00,10/09/2025 02:00:00,2.64,734.66,1.9426415094339624,0,599.28,GM1:2.64
10/09/2025 02:00:00,10/09/2025 03:00:00,2.57,739.81,1.891132075471698,0,583.39,GM1:2.57
10/09/2025 03:00:00,10/09/2025 04:00:00,2.65,747.04,1.9500000000000002,0,601.55,GM1:2.65
10/09/2025 04:00:00,10/09/2025 05:00:00,2.7,802.99,1.986792452830189,0,612.9000000000001,GM1:2.7
10/09/2025 05:00:00,10/09/2025 06:00:00,2.7,977.56,1.986792452830189,0,612.9000000000001,GM1:2.7
10/09/2025 06:00:00,10/09/2025 07:00:00,2.85,1632.32,2.097169811320755,0,646.95,GM1:2.85
10/09/2025 07:00:00,10/09/2025 08:00:00,2.99,1282.52,2.2001886792452834,0,678.73,GM1:2.99
10/09/2025 08:00:00,10/09/2025 09:00:00,3.1,939.21,2.281132075471698,0,703.7,GM1:3.1
10/09/2025 09:00:00,10/09/2025 10:00:00,3.16,800.68,2.3252830188679248,0,717.32,GM1:3.16
10/09/2025 10:00:00,10/09/2025 11:00:00,3.36,725.11,2.4724528301886792,0,762.72,GM1:3.36
10/09/2025 11:00:00,10/09/2025 12:00:00,3.46,599.04,0.33849056603773586,0,500.41999999999996,GB1:3|GM1:0.45999999999999996
10/09/2025 12:00:00,10/09/2025 13:00:00,3.36,581.88,0,0,444.24,GB1:3|GB2:0.3599999999999999
10/09/2025 13:00:00,10/09/2025 14:00:00,3.23,612.47,0.16924528301886793,0,448.21,GB1:3|GM1:0.22999999999999998
10/09/2025 14:00:00,10/09/2025 15:00:00,3.01,620.67,0.007358490566037579,0,398.2699999999999,GB1:3|GM1:0.009999999999999787
10/09/2025 15:00:00,10/09/2025 16:00:00,3.06,721.46,2.2516981132075475,0,694.62,GM1:3.06
10/09/2025 16:00:00,10/09/2025 17:00:00,2.91,922.5,2.1413207547169812,0,660.57,GM1:2.91
10/09/2025 17:00:00,10/09/2025 18:00:00,3.02,1272.6,2.2222641509433965,0,685.54,GM1:3.02
10/09/2025 18:00:00,10/09/2025 19:00:00,3.09,2052.92,2.2737735849056606,0,701.43,GM1:3.09
10/09/2025 19:00:00,10/09/2025 20:00:00,3.06,1261.26,2.2516981132075475,0,694.62,GM1:3.06
10/09/2025 20:00:00,10/09/2025 21:00:00,3,917.13,2.207547169811321,0,681,GM1:3
10/09/2025 21:00:00,10/09/2025 22:00:00,2.97,757.79,2.185471698113208,0,674.19,GM1:2.97
10/09/2025 22:00:00,10/09/2025 23:00:00,2.93,653.72,2.156037735849057,0,665.11,GM1:2.93
10/09/2025 23:00:00,11/09/2025 00:00:00,3.15,615.97,0.11037735849056599,0,430.04999999999995,GB1:3|GM1:0.1499999999999999
11/09/2025 00:00:00,11/09/2025 01:00:00,3.06,591.13,0,0,404.04,GB1:3|GB2:0.06000000000000005
11/09/2025 01:00:00,11/09/2025 02:00:00,3.08,533.69,0,0,406.72,GB1:3|GB2:0.08000000000000007
11/09/2025 02:00:00,11/09/2025 03:00:00,2.83,486.62,0,0,373.56,GB1:2.83
11/09/2025 03:00:00,11/09/2025 04:00:00,2.93,486.17,0,0,386.76000000000005,GB1:2.93
11/09/2025 04:00:00,11/09/2025 05:00:00,2.97,496.84,0,0,392.04,GB1:2.97
11/09/2025 05:00:00,11/09/2025 06:00:00,3.12,640.59,2.2958490566037737,0,708.24,GM1:3.12
11/09/2025 06:00:00,11/09/2025 07:00:00,3.19,640.07,2.347358490566038,0,724.13,GM1:3.19
11/09/2025 07:00:00,11/09/2025 08:00:00,3.36,649.02,2.4724528301886792,0,762.72,GM1:3.36
11/09/2025 08:00:00,11/09/2025 09:00:00,3.59,474.68,0,0,475.05999999999995,GB1:3|GB2:0.5899999999999999
11/09/2025 09:00:00,11/09/2025 10:00:00,3.56,306.53,0,0,471.04,GB1:3|GB2:0.56
11/09/2025 10:00:00,11/09/2025 11:00:00,3.66,61.4,0,0,484.44000000000005,GB1:3|GB2:0.6600000000000001
11/09/2025 11:00:00,11/09/2025 12:00:00,3.85,30.44,0,0,509.9,GB1:3|GB2:0.8500000000000001
11/09/2025 12:00:00,11/09/2025 13:00:00,3.87,22.16,0,0,512.58,GB1:3|GB2:0.8700000000000001
11/09/2025 13:00:00,11/09/2025 14:00:00,3.83,31.71,0,0,507.22,GB1:3|GB2:0.8300000000000001
11/09/2025 14:00:00,11/09/2025 15:00:00,3.43,21.04,0,0,453.62,GB1:3|GB2:0.43000000000000016
11/09/2025 15:00:00,11/09/2025 16:00:00,3.28,66.84,0,0,433.52,GB1:3|GB2:0.2799999999999998
11/09/2025 16:00:00,11/09/2025 17:00:00,3.19,507.28,0,0,421.46,GB1:3|GB2:0.18999999999999995
11/09/2025 17:00:00,11/09/2025 18:00:00,3.06,795.83,2.2516981132075475,0,694.62,GM1:3.06
11/09/2025 18:00:00,11/09/2025 19:00:00,3.21,954.88,2.3620754716981134,0,728.67,GM1:3.21
11/09/2025 19:00:00,11/09/2025 20:00:00,3.38,917.73,2.4871698113207548,0,767.26,GM1:3.38
11/09/2025 20:00:00,11/09/2025 21:00:00,3.3,769.8,2.428301886792453,0,749.0999999999999,GM1:3.3
11/09/2025 21:00:00,11/09/2025 22:00:00,3.25,605.75,0.1839622641509434,0,452.75,GB1:3|GM1:0.25
11/09/2025 22:00:00,11/09/2025 23:00:00,3.11,476.62,0,0,410.74,GB1:3|GB2:0.10999999999999988
11/09/2025 23:00:00,12/09/2025 00:00:00,3.25,135.7,0,0,429.5,GB1:3|GB2:0.25
12/09/2025 00:00:00,12/09/2025 01:00:00,3.4,134.58,0,0,449.59999999999997,GB1:3|GB2:0.3999999999999999
12/09/2025 01:00:00,12/09/2025 02:00:00,3.33,113.32,0,0,440.22,GB1:3|GB2:0.33000000000000007
12/09/2025 02:00:00,12/09/2025 03:00:00,3.24,83.03,0,0,428.16,GB1:3|GB2:0.2400000000000002
12/09/2025 03:00:00,12/09/2025 04:00:00,3.1,98.02,0,0,409.40000000000003,GB1:3|GB2:0.10000000000000009
12/09/2025 04:00:00,12/09/2025 05:00:00,3.15,97.5,0,0,416.09999999999997,GB1:3|GB2:0.1499999999999999
12/09/2025 05:00:00,12/09/2025 06:00:00,3.21,224.55,0,0,424.14,GB1:3|GB2:0.20999999999999996
12/09/2025 06:00:00,12/09/2025 07:00:00,3.32,447.6,0,0,438.88,GB1:3|GB2:0.31999999999999984
12/09/2025 07:00:00,12/09/2025 08:00:00,3.5,531.15,0,0,463,GB1:3|GB2:0.5
12/09/2025 08:00:00,12/09/2025 09:00:00,3.56,331.37,0,0,471.04,GB1:3|GB2:0.56
12/09/2025 09:00:00,12/09/2025 10:00:00,3.52,17.38,0,0,465.68,GB1:3|GB2:0.52
12/09/2025 10:00:00,12/09/2025 11:00:00,3.52,0,0,0,465.68,GB1:3|GB2:0.52
12/09/2025 11:00:00,12/09/2025 12:00:00,3.87,-13.65,0,0,512.58,GB1:3|GB2:0.8700000000000001
12/09/2025 12:00:00,12/09/2025 13:00:00,3.73,-30.29,0,0,493.82,GB1:3|GB2:0.73
12/09/2025 13:00:00,12/09/2025 14:00:00,3.58,-14.99,0,0,473.72,GB1:3|GB2:0.5800000000000001
12/09/2025 14:00:00,12/09/2025 15:00:00,3.24,-7.16,0,0,428.16,GB1:3|GB2:0.2400000000000002
12/09/2025 15:00:00,12/09/2025 16:00:00,3.09,-0.07,0,0,408.06,GB1:3|GB2:0.08999999999999986
12/09/2025 16:00:00,12/09/2025 17:00:00,3.09,385.16,0,0,408.06,GB1:3|GB2:0.08999999999999986
12/09/2025 17:00:00,12/09/2025 18:00:00,3.05,678.04,2.2443396226415095,0,692.3499999999999,GM1:3.05
12/09/2025 18:00:00,12/09/2025 19:00:00,3.12,895.2,2.2958490566037737,0,708.24,GM1:3.12
12/09/2025 19:00:00,12/09/2025 20:00:00,3.18,923.55,2.3400000000000003,0,721.86,GM1:3.18
12/09/2025 20:00:00,12/09/2025 21:00:00,3.22,768.31,2.3694339622641514,0,730.94,GM1:3.22
12/09/2025 21:00:00,12/09/2025 22:00:00,3.23,667.67,2.376792452830189,0,733.21,GM1:3.23
12/09/2025 22:00:00,12/09/2025 23:00:00,3.33,539.06,0,0,440.22,GB1:3|GB2:0.33000000000000007
12/09/2025 23:00:00,13/09/2025 00:00:00,3.32,349.43,0,0,438.88,GB1:3|GB2:0.31999999999999984
13/09/2025 00:00:00,13/09/2025 01:00:00,3.34,257.37,0,0,441.56,GB1:3|GB2:0.33999999999999986
13/09/2025 01:00:00,13/09/2025 02:00:00,3.29,182.02,0,0,434.86,GB1:3|GB2:0.29000000000000004
13/09/2025 02:00:00,13/09/2025 03:00:00,3.19,146.59,0,0,421.46,GB1:3|GB2:0.18999999999999995
13/09/2025 03:00:00,13/09/2025 04:00:00,3.1,147.04,0,0,409.40000000000003,GB1:3|GB2:0.10000000000000009
13/09/2025 04:00:00,13/09/2025 05:00:00,3.19,141.67,0,0,421.46,GB1:3|GB2:0.18999999999999995
13/09/2025 05:00:00,13/09/2025 06:00:00,3.37,157.33,0,0,445.58000000000004,GB1:3|GB2:0.3700000000000001
13/09/2025 06:00:00,13/09/2025 07:00:00,3.41,272.66,0,0,450.94,GB1:3|GB2:0.41000000000000014
13/09/2025 07:00:00,13/09/2025 08:00:00,3.55,290.94,0,0,469.7,GB1:3|GB2:0.5499999999999998
13/09/2025 08:00:00,13/09/2025 09:00:00,4.08,276.02,0,0,540.72,GB1:3|GB2:1.08
13/09/2025 09:00:00,13/09/2025 10:00:00,4.04,106.68,0,0,535.36,GB1:3|GB2:1.04
13/09/2025 10:00:00,13/09/2025 11:00:00,3.59,17.68,0,0,475.05999999999995,GB1:3|GB2:0.5899999999999999
13/09/2025 11:00:00,13/09/2025 12:00:00,3.46,10.15,0,0,457.64,GB1:3|GB2:0.45999999999999996
13/09/2025 12:00:00,13/09/2025 13:00:00,3.44,9.85,0,0,454.96,GB1:3|GB2:0.43999999999999995
13/09/2025 13:00:00,13/09/2025 14:00:00,3.24,10.22,0,0,428.16,GB1:3|GB2:0.2400000000000002
13/09/2025 14:00:00,13/09/2025 15:00:00,3.25,0,0,0,429.5,GB1:3|GB2:0.25
13/09/2025 15:00:00,13/09/2025 16:00:00,3.33,28.94,0,0,440.22,GB1:3|GB2:0.33000000000000007
13/09/2025 16:00:00,13/09/2025 17:00:00,3.22,469.98,0,0,425.48,GB1:3|GB2:0.2200000000000002
13/09/2025 17:00:00,13/09/2025 18:00:00,3.29,727.42,2.4209433962264155,0,746.83,GM1:3.29
13/09/2025 18:00:00,13/09/2025 19:00:00,3.3,872.3,2.428301886792453,0,749.0999999999999,GM1:3.3
13/09/2025 19:00:00,13/09/2025 20:00:00,3.34,886.02,2.4577358490566037,0,758.18,GM1:3.34
13/09/2025 20:00:00,13/09/2025 21:00:00,3.36,829.33,2.4724528301886792,0,762.72,GM1:3.36
13/09/2025 21:00:00,13/09/2025 22:00:00,3.24,746,2.384150943396227,0,735.48,GM1:3.24
13/09/2025 22:00:00,13/09/2025 23:00:00,3.22,650.36,2.3694339622641514,0,730.94,GM1:3.22
13/09/2025 23:00:00,14/09/2025 00:00:00,3.39,639.25,2.4945283018867928,0,769.53,GM1:3.39
14/09/2025 00:00:00,14/09/2025 01:00:00,3.43,578.67,0,0,453.62,GB1:3|GB2:0.43000000000000016
14/09/2025 01:00:00,14/09/2025 02:00:00,3.5,601.35,0.3679245283018868,0,509.5,GB1:3|GM1:0.5
14/09/2025 02:00:00,14/09/2025 03:00:00,3.33,641.04,2.450377358490566,0,755.91,GM1:3.33
14/09/2025 03:00:00,14/09/2025 04:00:00,3.28,699.52,2.4135849056603775,0,744.56,GM1:3.28
14/09/2025 04:00:00,14/09/2025 05:00:00,3.39,744.66,2.4945283018867928,0,769.53,GM1:3.39
14/09/2025 05:00:00,14/09/2025 06:00:00,3.56,751.6,2.619622641509434,0,808.12,GM1:3.56
14/09/2025 06:00:00,14/09/2025 07:00:00,3.6,785.99,2.649056603773585,0,817.2,GM1:3.6
14/09/2025 07:00:00,14/09/2025 08:00:00,3.56,809.26,2.619622641509434,0,808.12,GM1:3.56
14/09/2025 08:00:00,14/09/2025 09:00:00,3.64,654.84,2.6784905660377363,0,826.28,GM1:3.64
14/09/2025 09:00:00,14/09/2025 10:00:00,3.79,460.13,0,0,501.86,GB1:3|GB2:0.79
14/09/2025 10:00:00,14/09/2025 11:00:00,3.72,131.15,0,0,492.48,GB1:3|GB2:0.7200000000000002
14/09/2025 11:00:00,14/09/2025 12:00:00,3.77,48.64,0,0,499.18,GB1:3|GB2:0.77
14/09/2025 12:00:00,14/09/2025 13:00:00,3.66,0.07,0,0,484.44000000000005,GB1:3|GB2:0.6600000000000001
14/09/2025 13:00:00,14/09/2025 14:00:00,3.53,0,0,0,467.02,GB1:3|GB2:0.5299999999999998
14/09/2025 14:00:00,14/09/2025 15:00:00,3.25,0,0,0,429.5,GB1:3|GB2:0.25
14/09/2025 15:00:00,14/09/2025 16:00:00,3.15,144.2,0,0,416.09999999999997,GB1:3|GB2:0.1499999999999999
14/09/2025 16:00:00,14/09/2025 17:00:00,3.11,732.57,2.288490566037736,0,705.97,GM1:3.11
14/09/2025 17:00:00,14/09/2025 18:00:00,3.07,927.58,2.259056603773585,0,696.89,GM1:3.07
14/09/2025 18:00:00,14/09/2025 19:00:00,3.11,1059.47,2.288490566037736,0,705.97,GM1:3.11
14/09/2025 19:00:00,14/09/2025 20:00:00,3.12,919.22,2.2958490566037737,0,708.24,GM1:3.12
14/09/2025 20:00:00,14/09/2025 21:00:00,3.18,668.94,2.3400000000000003,0,721.86,GM1:3.18
14/09/2025 21:00:00,14/09/2025 22:00:00,3.14,534.43,0,0,414.76,GB1:3|GB2:0.14000000000000012
14/09/2025 22:00:00,14/09/2025 23:00:00,3.09,106.45,0,0,408.06,GB1:3|GB2:0.08999999999999986
14/09/2025 23:00:00,15/09/2025 00:00:00,3.24,117.94,0,0,428.16,GB1:3|GB2:0.2400000000000002
15/09/2025 00:00:00,15/09/2025 01:00:00,3.58,28.87,0,0,473.72,GB1:3|GB2:0.5800000000000001
15/09/2025 01:00:00,15/09/2025 02:00:00,3.69,10.37,0,0,488.46,GB1:3|GB2:0.69
15/09/2025 02:00:00,15/09/2025 03:00:00,3.52,0.07,0,0,465.68,GB1:3|GB2:0.52
15/09/2025 03:00:00,15/09/2025 04:00:00,3.35,0,0,0,442.90000000000003,GB1:3|GB2:0.3500000000000001
15/09/2025 04:00:00,15/09/2025 05:00:00,3.46,6.71,0,0,457.64,GB1:3|GB2:0.45999999999999996
15/09/2025 05:00:00,15/09/2025 06:00:00,3.58,-0.45,0,0,473.72,GB1:3|GB2:0.5800000000000001
15/09/2025 06:00:00,15/09/2025 07:00:00,3.64,0,0,0,481.76,GB1:3|GB2:0.6400000000000001
15/09/2025 07:00:00,15/09/2025 08:00:00,3.62,24.92,0,0,479.08000000000004,GB1:3|GB2:0.6200000000000001
15/09/2025 08:00:00,15/09/2025 09:00:00,3.69,17.46,0,0,488.46,GB1:3|GB2:0.69
15/09/2025 09:00:00,15/09/2025 10:00:00,3.76,31.93,0,0,497.84,GB1:3|GB2:0.7599999999999998
15/09/2025 10:00:00,15/09/2025 11:00:00,4,3.13,0,0,530,GB1:3|GB2:1
15/09/2025 11:00:00,15/09/2025 12:00:00,3.73,0,0,0,493.82,GB1:3|GB2:0.73
15/09/2025 12:00:00,15/09/2025 13:00:00,3.57,-0.07,0,0,472.38,GB1:3|GB2:0.5699999999999998
15/09/2025 13:00:00,15/09/2025 14:00:00,3.2,-0.07,0,0,422.8,GB1:3|GB2:0.20000000000000018
15/09/2025 14:00:00,15/09/2025 15:00:00,3.13,-0.52,0,0,413.41999999999996,GB1:3|GB2:0.1299999999999999
15/09/2025 15:00:00,15/09/2025 16:00:00,3.09,0,0,0,408.06,GB1:3|GB2:0.08999999999999986
15/09/2025 16:00:00,15/09/2025 17:00:00,3.15,12.98,0,0,416.09999999999997,GB1:3|GB2:0.1499999999999999
15/09/2025 17:00:00,15/09/2025 18:00:00,3.06,29.09,0,0,404.04,GB1:3|GB2:0.06000000000000005
15/09/2025 18:00:00,15/09/2025 19:00:00,3.04,190.83,0,0,401.36,GB1:3|GB2:0.040000000000000036
15/09/2025 19:00:00,15/09/2025 20:00:00,3,29.91,0,0,396,GB1:3
15/09/2025 20:00:00,15/09/2025 21:00:00,2.99,21.19,0,0,394.68,GB1:2.99
15/09/2025 21:00:00,15/09/2025 22:00:00,2.97,21.71,0,0,392.04,GB1:2.97
15/09/2025 22:00:00,15/09/2025 23:00:00,3.03,0.45,0,0,400.02,GB1:3|GB2:0.029999999999999805
15/09/2025 23:00:00,16/09/2025 00:00:00,3.1,12.23,0,0,409.40000000000003,GB1:3|GB2:0.10000000000000009
16/09/2025 00:00:00,16/09/2025 01:00:00,3.08,-0.37,0,0,406.72,GB1:3|GB2:0.08000000000000007
16/09/2025 01:00:00,16/09/2025 02:00:00,2.95,-0.82,0,0,389.40000000000003,GB1:2.95
16/09/2025 02:00:00,16/09/2025 03:00:00,2.82,-4.18,0,0,372.23999999999995,GB1:2.82
16/09/2025 03:00:00,16/09/2025 04:00:00,2.87,0,0,0,378.84000000000003,GB1:2.87
16/09/2025 04:00:00,16/09/2025 05:00:00,2.86,1.42,0,0,377.52,GB1:2.86
16/09/2025 05:00:00,16/09/2025 06:00:00,2.91,17.31,0,0,384.12,GB1:2.91
16/09/2025 06:00:00,16/09/2025 07:00:00,2.94,139.35,0,0,388.08,GB1:2.94
16/09/2025 07:00:00,16/09/2025 08:00:00,3.01,179.04,0,0,397.34,GB1:3|GB2:0.009999999999999787
16/09/2025 08:00:00,16/09/2025 09:00:00,3.24,74.6,0,0,428.16,GB1:3|GB2:0.2400000000000002
16/09/2025 09:00:00,16/09/2025 10:00:00,3.4,21.26,0,0,449.59999999999997,GB1:3|GB2:0.3999999999999999
16/09/2025 10:00:00,16/09/2025 11:00:00,3.47,9.47,0,0,458.98,GB1:3|GB2:0.4700000000000002
16/09/2025 11:00:00,16/09/2025 12:00:00,3.36,0.97,0,0,444.24,GB1:3|GB2:0.3599999999999999
16/09/2025 12:00:00,16/09/2025 13:00:00,3.15,4.85,0,0,416.09999999999997,GB1:3|GB2:0.1499999999999999
16/09/2025 13:00:00,16/09/2025 14:00:00,2.91,12.61,0,0,384.12,GB1:2.91
16/09/2025 14:00:00,16/09/2025 15:00:00,2.87,5.74,0,0,378.84000000000003,GB1:2.87
16/09/2025 15:00:00,16/09/2025 16:00:00,2.84,12.46,0,0,374.88,GB1:2.84
16/09/2025 16:00:00,16/09/2025 17:00:00,2.94,21.19,0,0,388.08,GB1:2.94
16/09/2025 17:00:00,16/09/2025 18:00:00,2.93,33.27,0,0,386.76000000000005,GB1:2.93
16/09/2025 18:00:00,16/09/2025 19:00:00,3,49.98,0,0,396,GB1:3
16/09/2025 19:00:00,16/09/2025 20:00:00,3,42.82,0,0,396,GB1:3
16/09/2025 20:00:00,16/09/2025 21:00:00,2.87,21.63,0,0,378.84000000000003,GB1:2.87
16/09/2025 21:00:00,16/09/2025 22:00:00,2.89,30.88,0,0,381.48,GB1:2.89
16/09/2025 22:00:00,16/09/2025 23:00:00,2.87,29.84,0,0,378.84000000000003,GB1:2.87
16/09/2025 23:00:00,17/09/2025 00:00:00,2.94,17.68,0,0,388.08,GB1:2.94
17/09/2025 00:00:00,17/09/2025 01:00:00,2.8,22.53,0,0,369.59999999999997,GB1:2.8
17/09/2025 01:00:00,17/09/2025 02:00:00,2.64,22.9,0,0,348.48,GB1:2.64
17/09/2025 02:00:00,17/09/2025 03:00:00,2.57,22.9,0,0,339.23999999999995,GB1:2.57
17/09/2025 03:00:00,17/09/2025 04:00:00,2.65,23.05,0,0,349.8,GB1:2.65
17/09/2025 04:00:00,17/09/2025 05:00:00,2.7,30.81,0,0,356.40000000000003,GB1:2.7
17/09/2025 05:00:00,17/09/2025 06:00:00,2.7,74.6,0,0,356.40000000000003,GB1:2.7
17/09/2025 06:00:00,17/09/2025 07:00:00,2.85,446.78,0,0,376.2,GB1:2.85
17/09/2025 07:00:00,17/09/2025 08:00:00,2.99,390.53,0,0,394.68,GB1:2.99
17/09/2025 08:00:00,17/09/2025 09:00:00,3.1,32,0,0,409.40000000000003,GB1:3|GB2:0.10000000000000009
17/09/2025 09:00:00,17/09/2025 10:00:00,3.16,30.59,0,0,417.44,GB1:3|GB2:0.16000000000000014
17/09/2025 10:00:00,17/09/2025 11:00:00,3.36,30.74,0,0,444.24,GB1:3|GB2:0.3599999999999999
17/09/2025 11:00:00,17/09/2025 12:00:00,3.46,67.89,0,0,457.64,GB1:3|GB2:0.45999999999999996
17/09/2025 12:00:00,17/09/2025 13:00:00,3.36,32,0,0,444.24,GB1:3|GB2:0.3599999999999999
17/09/2025 13:00:00,17/09/2025 14:00:00,3.23,42,0,0,426.82,GB1:3|GB2:0.22999999999999998
17/09/2025 14:00:00,17/09/2025 15:00:00,3.01,53.12,0,0,397.34,GB1:3|GB2:0.009999999999999787
17/09/2025 15:00:00,17/09/2025 16:00:00,3.06,49.91,0,0,404.04,GB1:3|GB2:0.06000000000000005
17/09/2025 16:00:00,17/09/2025 17:00:00,2.91,373,0,0,384.12,GB1:2.91
17/09/2025 17:00:00,17/09/2025 18:00:00,3.02,692.06,2.2222641509433965,0,685.54,GM1:3.02
17/09/2025 18:00:00,17/09/2025 19:00:00,3.09,866.93,2.2737735849056606,0,701.43,GM1:3.09
17/09/2025 19:00:00,17/09/2025 20:00:00,3.06,826.49,2.2516981132075475,0,694.62,GM1:3.06
17/09/2025 20:00:00,17/09/2025 21:00:00,3,677.52,2.207547169811321,0,681,GM1:3
17/09/2025 21:00:00,17/09/2025 22:00:00,2.97,568.45,0,0,392.04,GB1:2.97
17/09/2025 22:00:00,17/09/2025 23:00:00,2.93,447.6,0,0,386.76000000000005,GB1:2.93
17/09/2025 23:00:00,18/09/2025 00:00:00,3.15,257.44,0,0,416.09999999999997,GB1:3|GB2:0.1499999999999999
18/09/2025 00:00:00,18/09/2025 01:00:00,3.06,206.64,0,0,404.04,GB1:3|GB2:0.06000000000000005
18/09/2025 01:00:00,18/09/2025 02:00:00,3.08,145.32,0,0,406.72,GB1:3|GB2:0.08000000000000007
18/09/2025 02:00:00,18/09/2025 03:00:00,2.83,107.57,0,0,373.56,GB1:2.83
18/09/2025 03:00:00,18/09/2025 04:00:00,2.93,67.74,0,0,386.76000000000005,GB1:2.93
18/09/2025 04:00:00,18/09/2025 05:00:00,2.97,67.89,0,0,392.04,GB1:2.97
18/09/2025 05:00:00,18/09/2025 06:00:00,3.12,336.15,0,0,412.08000000000004,GB1:3|GB2:0.1200000000000001
18/09/2025 06:00:00,18/09/2025 07:00:00,3.19,598.29,0.13981132075471694,0,439.13,GB1:3|GM1:0.18999999999999995
18/09/2025 07:00:00,18/09/2025 08:00:00,3.36,686.32,2.4724528301886792,0,762.72,GM1:3.36
18/09/2025 08:00:00,18/09/2025 09:00:00,3.59,544.13,0,0,475.05999999999995,GB1:3|GB2:0.5899999999999999
18/09/2025 09:00:00,18/09/2025 10:00:00,3.56,389.71,0,0,471.04,GB1:3|GB2:0.56
18/09/2025 10:00:00,18/09/2025 11:00:00,3.66,43.94,0,0,484.44000000000005,GB1:3|GB2:0.6600000000000001
18/09/2025 11:00:00,18/09/2025 12:00:00,3.85,17.61,0,0,509.9,GB1:3|GB2:0.8500000000000001
18/09/2025 12:00:00,18/09/2025 13:00:00,3.87,16.56,0,0,512.58,GB1:3|GB2:0.8700000000000001
18/09/2025 13:00:00,18/09/2025 14:00:00,3.83,14.92,0,0,507.22,GB1:3|GB2:0.8300000000000001
18/09/2025 14:00:00,18/09/2025 15:00:00,3.43,17.46,0,0,453.62,GB1:3|GB2:0.43000000000000016
18/09/2025 15:00:00,18/09/2025 16:00:00,3.28,114.21,0,0,433.52,GB1:3|GB2:0.2799999999999998
18/09/2025 16:00:00,18/09/2025 17:00:00,3.19,372.25,0,0,421.46,GB1:3|GB2:0.18999999999999995
18/09/2025 17:00:00,18/09/2025 18:00:00,3.06,591.13,0,0,404.04,GB1:3|GB2:0.06000000000000005
18/09/2025 18:00:00,18/09/2025 19:00:00,3.21,734.51,2.3620754716981134,0,728.67,GM1:3.21
18/09/2025 19:00:00,18/09/2025 20:00:00,3.38,111.9,0,0,446.91999999999996,GB1:3|GB2:0.3799999999999999
18/09/2025 20:00:00,18/09/2025 21:00:00,3.3,67.51,0,0,436.2,GB1:3|GB2:0.2999999999999998
18/09/2025 21:00:00,18/09/2025 22:00:00,3.25,42.75,0,0,429.5,GB1:3|GB2:0.25
18/09/2025 22:00:00,18/09/2025 23:00:00,3.11,29.84,0,0,410.74,GB1:3|GB2:0.10999999999999988
18/09/2025 23:00:00,19/09/2025 00:00:00,3.25,12.53,0,0,429.5,GB1:3|GB2:0.25
19/09/2025 00:00:00,19/09/2025 01:00:00,3.4,51.03,0,0,449.59999999999997,GB1:3|GB2:0.3999999999999999
19/09/2025 01:00:00,19/09/2025 02:00:00,3.33,26.86,0,0,440.22,GB1:3|GB2:0.33000000000000007
19/09/2025 02:00:00,19/09/2025 03:00:00,3.24,47.67,0,0,428.16,GB1:3|GB2:0.2400000000000002
19/09/2025 03:00:00,19/09/2025 04:00:00,3.1,61.1,0,0,409.40000000000003,GB1:3|GB2:0.10000000000000009
19/09/2025 04:00:00,19/09/2025 05:00:00,3.15,253.86,0,0,416.09999999999997,GB1:3|GB2:0.1499999999999999
19/09/2025 05:00:00,19/09/2025 06:00:00,3.21,417.76,0,0,424.14,GB1:3|GB2:0.20999999999999996
19/09/2025 06:00:00,19/09/2025 07:00:00,3.32,663.94,2.443018867924528,0,753.64,GM1:3.32
19/09/2025 07:00:00,19/09/2025 08:00:00,3.5,775.62,2.5754716981132075,0,794.5,GM1:3.5
19/09/2025 08:00:00,19/09/2025 09:00:00,3.56,710.04,2.619622641509434,0,808.12,GM1:3.56
19/09/2025 09:00:00,19/09/2025 10:00:00,3.52,400.6,0,0,465.68,GB1:3|GB2:0.52
19/09/2025 10:00:00,19/09/2025 11:00:00,3.52,97.2,0,0,465.68,GB1:3|GB2:0.52
19/09/2025 11:00:00,19/09/2025 12:00:00,3.87,17.61,0,0,512.58,GB1:3|GB2:0.8700000000000001
19/09/2025 12:00:00,19/09/2025 13:00:00,3.73,18.13,0,0,493.82,GB1:3|GB2:0.73
19/09/2025 13:00:00,19/09/2025 14:00:00,3.58,16.26,0,0,473.72,GB1:3|GB2:0.5800000000000001
19/09/2025 14:00:00,19/09/2025 15:00:00,3.24,89.3,0,0,428.16,GB1:3|GB2:0.2400000000000002
19/09/2025 15:00:00,19/09/2025 16:00:00,3.09,371.81,0,0,408.06,GB1:3|GB2:0.08999999999999986
19/09/2025 16:00:00,19/09/2025 17:00:00,3.09,632.46,2.2737735849056606,0,701.43,GM1:3.09
19/09/2025 17:00:00,19/09/2025 18:00:00,3.05,768.38,2.2443396226415095,0,692.3499999999999,GM1:3.05
19/09/2025 18:00:00,19/09/2025 19:00:00,3.12,1054.84,2.2958490566037737,0,708.24,GM1:3.12
19/09/2025 19:00:00,19/09/2025 20:00:00,3.18,1064.54,2.3400000000000003,0,721.86,GM1:3.18
19/09/2025 20:00:00,19/09/2025 21:00:00,3.22,834.18,2.3694339622641514,0,730.94,GM1:3.22
19/09/2025 21:00:00,19/09/2025 22:00:00,3.23,641.86,2.376792452830189,0,733.21,GM1:3.23
19/09/2025 22:00:00,19/09/2025 23:00:00,3.33,588.82,0,0,440.22,GB1:3|GB2:0.33000000000000007
19/09/2025 23:00:00,20/09/2025 00:00:00,3.32,650.81,2.443018867924528,0,753.64,GM1:3.32
20/09/2025 00:00:00,20/09/2025 01:00:00,3.34,581.21,0,0,441.56,GB1:3|GB2:0.33999999999999986
20/09/2025 01:00:00,20/09/2025 02:00:00,3.29,559.43,0,0,434.86,GB1:3|GB2:0.29000000000000004
20/09/2025 02:00:00,20/09/2025 03:00:00,3.19,558.01,0,0,421.46,GB1:3|GB2:0.18999999999999995
20/09/2025 03:00:00,20/09/2025 04:00:00,3.1,557.93,0,0,409.40000000000003,GB1:3|GB2:0.10000000000000009
20/09/2025 04:00:00,20/09/2025 05:00:00,3.19,598.37,0.13981132075471694,0,439.13,GB1:3|GM1:0.18999999999999995
20/09/2025 05:00:00,20/09/2025 06:00:00,3.37,660.28,2.479811320754717,0,764.99,GM1:3.37
20/09/2025 06:00:00,20/09/2025 07:00:00,3.41,648.8,2.5092452830188683,0,774.07,GM1:3.41
20/09/2025 07:00:00,20/09/2025 08:00:00,3.55,561.66,0,0,469.7,GB1:3|GB2:0.5499999999999998
20/09/2025 08:00:00,20/09/2025 09:00:00,4.08,185.75,0,0,540.72,GB1:3|GB2:1.08
20/09/2025 09:00:00,20/09/2025 10:00:00,4.04,22.53,0,0,535.36,GB1:3|GB2:1.04
20/09/2025 10:00:00,20/09/2025 11:00:00,3.59,14.92,0,0,475.05999999999995,GB1:3|GB2:0.5899999999999999
20/09/2025 11:00:00,20/09/2025 12:00:00,3.46,11.86,0,0,457.64,GB1:3|GB2:0.45999999999999996
20/09/2025 12:00:00,20/09/2025 13:00:00,3.44,1.87,0,0,454.96,GB1:3|GB2:0.43999999999999995
20/09/2025 13:00:00,20/09/2025 14:00:00,3.24,0.6,0,0,428.16,GB1:3|GB2:0.2400000000000002
20/09/2025 14:00:00,20/09/2025 15:00:00,3.25,10.67,0,0,429.5,GB1:3|GB2:0.25
20/09/2025 15:00:00,20/09/2025 16:00:00,3.33,196.65,0,0,440.22,GB1:3|GB2:0.33000000000000007
20/09/2025 16:00:00,20/09/2025 17:00:00,3.22,700.05,2.3694339622641514,0,730.94,GM1:3.22
20/09/2025 17:00:00,20/09/2025 18:00:00,3.29,915.57,2.4209433962264155,0,746.83,GM1:3.29
20/09/2025 18:00:00,20/09/2025 19:00:00,3.3,959.51,2.428301886792453,0,749.0999999999999,GM1:3.3
20/09/2025 19:00:00,20/09/2025 20:00:00,3.34,739.14,2.4577358490566037,0,758.18,GM1:3.34
20/09/2025 20:00:00,20/09/2025 21:00:00,3.36,611.35,0.2649056603773584,0,477.71999999999997,GB1:3|GM1:0.3599999999999999
20/09/2025 21:00:00,20/09/2025 22:00:00,3.24,522.65,0,0,428.16,GB1:3|GB2:0.2400000000000002
20/09/2025 22:00:00,20/09/2025 23:00:00,3.22,352.19,0,0,425.48,GB1:3|GB2:0.2200000000000002
20/09/2025 23:00:00,21/09/2025 00:00:00,3.39,60.2,0,0,448.26,GB1:3|GB2:0.3900000000000001
21/09/2025 00:00:00,21/09/2025 01:00:00,3.43,27.6,0,0,453.62,GB1:3|GB2:0.43000000000000016
21/09/2025 01:00:00,21/09/2025 02:00:00,3.5,25.36,0,0,463,GB1:3|GB2:0.5
21/09/2025 02:00:00,21/09/2025 03:00:00,3.33,12.31,0,0,440.22,GB1:3|GB2:0.33000000000000007
21/09/2025 03:00:00,21/09/2025 04:00:00,3.28,12.09,0,0,433.52,GB1:3|GB2:0.2799999999999998
21/09/2025 04:00:00,21/09/2025 05:00:00,3.39,-0.07,0,0,448.26,GB1:3|GB2:0.3900000000000001
21/09/2025 05:00:00,21/09/2025 06:00:00,3.56,-0.07,0,0,471.04,GB1:3|GB2:0.56
21/09/2025 06:00:00,21/09/2025 07:00:00,3.6,7.76,0,0,476.4,GB1:3|GB2:0.6000000000000001
21/09/2025 07:00:00,21/09/2025 08:00:00,3.56,22.45,0,0,471.04,GB1:3|GB2:0.56
21/09/2025 08:00:00,21/09/2025 09:00:00,3.64,9.77,0,0,481.76,GB1:3|GB2:0.6400000000000001
21/09/2025 09:00:00,21/09/2025 10:00:00,3.79,0,0,0,501.86,GB1:3|GB2:0.79
21/09/2025 10:00:00,21/09/2025 11:00:00,3.72,-0.67,0,0,492.48,GB1:3|GB2:0.7200000000000002
21/09/2025 11:00:00,21/09/2025 12:00:00,3.77,-8.95,0,0,499.18,GB1:3|GB2:0.77
21/09/2025 12:00:00,21/09/2025 13:00:00,3.66,-12.01,0,0,484.44000000000005,GB1:3|GB2:0.6600000000000001
21/09/2025 13:00:00,21/09/2025 14:00:00,3.53,-9.77,0,0,467.02,GB1:3|GB2:0.5299999999999998
21/09/2025 14:00:00,21/09/2025 15:00:00,3.25,-0.07,0,0,429.5,GB1:3|GB2:0.25
21/09/2025 15:00:00,21/09/2025 16:00:00,3.15,2.01,0,0,416.09999999999997,GB1:3|GB2:0.1499999999999999
21/09/2025 16:00:00,21/09/2025 17:00:00,3.11,22.75,0,0,410.74,GB1:3|GB2:0.10905/01/2026 00:00:00,05/01/2026 01:00:00,8.27,690.58,0,0,1108.7199999999998,GB1:3|GB2:2|GB3:3.2699999999999996
05/01/2026 01:00:00,05/01/2026 02:00:00,8.56,663.66,0,0,1148.16,GB1:3|GB2:2|GB3:3.5600000000000005
05/01/2026 02:00:00,05/01/2026 03:00:00,8.72,646.18,0,0,1169.92,GB1:3|GB2:2|GB3:3.7200000000000006
05/01/2026 03:00:00,05/01/2026 04:00:00,8.8,644.72,0,0,1180.8000000000002,GB1:3|GB2:2|GB3:3.8000000000000007
05/01/2026 04:00:00,05/01/2026 05:00:00,9.65,653.55,0,0,1303.55,GB1:3|GB2:2|GB3:4|OB1:0.6500000000000004
05/01/2026 05:00:00,05/01/2026 06:00:00,9.81,678.67,0,0,1327.0700000000002,GB1:3|GB2:2|GB3:4|OB1:0.8100000000000005
05/01/2026 06:00:00,05/01/2026 07:00:00,10.18,814.35,0,0,1381.46,GB1:3|GB2:2|GB3:4|OB1:1.1799999999999997
05/01/2026 07:00:00,05/01/2026 08:00:00,9.52,965.91,0,0,1284.44,GB1:3|GB2:2|GB3:4|OB1:0.5199999999999996
05/01/2026 08:00:00,05/01/2026 09:00:00,9.43,1129.22,0,0,1271.21,GB1:3|GB2:2|GB3:4|OB1:0.4299999999999997
05/01/2026 09:00:00,05/01/2026 10:00:00,9.5,1136.5,0,0,1281.5,GB1:3|GB2:2|GB3:4|OB1:0.5
05/01/2026 10:00:00,05/01/2026 11:00:00,9.69,1087.85,0,0,1309.4299999999998,GB1:3|GB2:2|GB3:4|OB1:0.6899999999999995
05/01/2026 11:00:00,05/01/2026 12:00:00,8.82,1021.11,0,0,1183.52,GB1:3|GB2:2|GB3:3.8200000000000003
05/01/2026 12:00:00,05/01/2026 13:00:00,8.35,1004.16,0,0,1119.6,GB1:3|GB2:2|GB3:3.3499999999999996
05/01/2026 13:00:00,05/01/2026 14:00:00,8.42,1005.26,0,0,1129.12,GB1:3|GB2:2|GB3:3.42
05/01/2026 14:00:00,05/01/2026 15:00:00,8.55,1052.26,0,0,1146.8000000000002,GB1:3|GB2:2|GB3:3.5500000000000007
05/01/2026 15:00:00,05/01/2026 16:00:00,9.12,1125.52,0,0,1225.6399999999999,GB1:3|GB2:2|GB3:4|OB1:0.11999999999999922
05/01/2026 16:00:00,05/01/2026 17:00:00,9.24,1359.8,0,0,1243.28,GB1:3|GB2:2|GB3:4|OB1:0.2400000000000002
05/01/2026 17:00:00,05/01/2026 18:00:00,9.6,1670.05,0,0,1296.2,GB1:3|GB2:2|GB3:4|OB1:0.5999999999999996
05/01/2026 18:00:00,05/01/2026 19:00:00,9.22,1596.51,0,0,1240.3400000000001,GB1:3|GB2:2|GB3:4|OB1:0.22000000000000064
05/01/2026 19:00:00,05/01/2026 20:00:00,9.25,1365.46,0,0,1244.75,GB1:3|GB2:2|GB3:4|OB1:0.25
05/01/2026 20:00:00,05/01/2026 21:00:00,9.45,1098.29,0,0,1274.1499999999999,GB1:3|GB2:2|GB3:4|OB1:0.4499999999999993
05/01/2026 21:00:00,05/01/2026 22:00:00,9.61,964.34,0,0,1297.6699999999998,GB1:3|GB2:2|GB3:4|OB1:0.6099999999999994
05/01/2026 22:00:00,05/01/2026 23:00:00,9.57,925.11,0,0,1291.79,GB1:3|GB2:2|GB3:4|OB1:0.5700000000000003
05/01/2026 23:00:00,06/01/2026 00:00:00,9.42,831.37,0,0,1269.74,GB1:3|GB2:2|GB3:4|OB1:0.41999999999999993
06/01/2026 00:00:00,06/01/2026 01:00:00,9.48,782.02,0,0,1278.56,GB1:3|GB2:2|GB3:4|OB1:0.4800000000000004
06/01/2026 01:00:00,06/01/2026 02:00:00,9.6,781.31,0,0,1296.2,GB1:3|GB2:2|GB3:4|OB1:0.5999999999999996
06/01/2026 02:00:00,06/01/2026 03:00:00,9.64,758.49,0,0,1302.0800000000002,GB1:3|GB2:2|GB3:4|OB1:0.6400000000000006
06/01/2026 03:00:00,06/01/2026 04:00:00,9.63,747.6,0,0,1300.6100000000001,GB1:3|GB2:2|GB3:4|OB1:0.6300000000000008
06/01/2026 04:00:00,06/01/2026 05:00:00,10.19,765.27,0,0,1382.9299999999998,GB1:3|GB2:2|GB3:4|OB1:1.1899999999999995
06/01/2026 05:00:00,06/01/2026 06:00:00,10.56,799.24,0,0,1437.3200000000002,GB1:3|GB2:2|GB3:4|OB1:1.5600000000000005
06/01/2026 06:00:00,06/01/2026 07:00:00,10.63,905.96,0,0,1447.6100000000001,GB1:3|GB2:2|GB3:4|OB1:1.6300000000000008
06/01/2026 07:00:00,06/01/2026 08:00:00,9.74,1034.51,0,0,1316.78,GB1:3|GB2:2|GB3:4|OB1:0.7400000000000002
06/01/2026 08:00:00,06/01/2026 09:00:00,9.54,1226.38,0,0,1287.3799999999999,GB1:3|GB2:2|GB3:4|OB1:0.5399999999999991
06/01/2026 09:00:00,06/01/2026 10:00:00,9.63,1261,0,0,1300.6100000000001,GB1:3|GB2:2|GB3:4|OB1:0.6300000000000008
06/01/2026 10:00:00,06/01/2026 11:00:00,9.55,1156.6,0,0,1288.8500000000001,GB1:3|GB2:2|GB3:4|OB1:0.5500000000000007
06/01/2026 11:00:00,06/01/2026 12:00:00,8.74,1100,0,0,1172.64,GB1:3|GB2:2|GB3:3.74
06/01/2026 12:00:00,06/01/2026 13:00:00,7.99,1004.59,0,0,1070.64,GB1:3|GB2:2|GB3:2.99
06/01/2026 13:00:00,06/01/2026 14:00:00,7.78,972.55,0,0,1042.08,GB1:3|GB2:2|GB3:2.7800000000000002
06/01/2026 14:00:00,06/01/2026 15:00:00,7.85,976.28,0,0,1051.6,GB1:3|GB2:2|GB3:2.8499999999999996
06/01/2026 15:00:00,06/01/2026 16:00:00,8.47,1023.21,0,0,1135.92,GB1:3|GB2:2|GB3:3.4700000000000006
06/01/2026 16:00:00,06/01/2026 17:00:00,8.76,1083.13,0,0,1175.36,GB1:3|GB2:2|GB3:3.76
06/01/2026 17:00:00,06/01/2026 18:00:00,8.97,1142.78,0,0,1203.92,GB1:3|GB2:2|GB3:3.9700000000000006
06/01/2026 18:00:00,06/01/2026 19:00:00,8.32,1107.48,0,0,1115.52,GB1:3|GB2:2|GB3:3.3200000000000003
06/01/2026 19:00:00,06/01/2026 20:00:00,8.4,1039.14,0,0,1126.4,GB1:3|GB2:2|GB3:3.4000000000000004
06/01/2026 20:00:00,06/01/2026 21:00:00,8.58,908.31,0,0,1150.88,GB1:3|GB2:2|GB3:3.58
06/01/2026 21:00:00,06/01/2026 22:00:00,8.54,810.91,0,0,1145.4399999999998,GB1:3|GB2:2|GB3:3.539999999999999
06/01/2026 22:00:00,06/01/2026 23:00:00,8.57,763.55,0,0,1149.52,GB1:3|GB2:2|GB3:3.5700000000000003
06/01/2026 23:00:00,07/01/2026 00:00:00,8.47,693.3,0,0,1135.92,GB1:3|GB2:2|GB3:3.4700000000000006
07/01/2026 00:00:00,07/01/2026 01:00:00,8.5,702.29,0,0,1140,GB1:3|GB2:2|GB3:3.5
07/01/2026 01:00:00,07/01/2026 02:00:00,8.5,662.11,0,0,1140,GB1:3|GB2:2|GB3:3.5
07/01/2026 02:00:00,07/01/2026 03:00:00,8.53,635.47,0,0,1144.08,GB1:3|GB2:2|GB3:3.5299999999999994
07/01/2026 03:00:00,07/01/2026 04:00:00,8.69,610.09,0,0,1165.84,GB1:3|GB2:2|GB3:3.6899999999999995
07/01/2026 04:00:00,07/01/2026 05:00:00,9.66,603.62,0,0,1305.02,GB1:3|GB2:2|GB3:4|OB1:0.6600000000000001
07/01/2026 05:00:00,07/01/2026 06:00:00,9.87,634.26,0,0,1335.8899999999999,GB1:3|GB2:2|GB3:4|OB1:0.8699999999999992
07/01/2026 06:00:00,07/01/2026 07:00:00,10.13,691.55,0,0,1374.1100000000001,GB1:3|GB2:2|GB3:4|OB1:1.1300000000000008
07/01/2026 07:00:00,07/01/2026 08:00:00,9.52,741.39,0,0,1284.44,GB1:3|GB2:2|GB3:4|OB1:0.5199999999999996
07/01/2026 08:00:00,07/01/2026 09:00:00,9.55,817.09,0,0,1288.8500000000001,GB1:3|GB2:2|GB3:4|OB1:0.5500000000000007
07/01/2026 09:00:00,07/01/2026 10:00:00,9.3,837.84,0,0,1252.1000000000001,GB1:3|GB2:2|GB3:4|OB1:0.3000000000000007
07/01/2026 10:00:00,07/01/2026 11:00:00,9.08,809.33,0,0,1219.76,GB1:3|GB2:2|GB3:4|OB1:0.08000000000000007
07/01/2026 11:00:00,07/01/2026 12:00:00,8.78,746.73,0,0,1178.08,GB1:3|GB2:2|GB3:3.7799999999999994
07/01/2026 12:00:00,07/01/2026 13:00:00,8.46,719.7,0,0,1134.5600000000002,GB1:3|GB2:2|GB3:3.460000000000001
07/01/2026 13:00:00,07/01/2026 14:00:00,8.4,696.07,0,0,1126.4,GB1:3|GB2:2|GB3:3.4000000000000004
07/01/2026 14:00:00,07/01/2026 15:00:00,8.63,711.47,0,0,1157.68,GB1:3|GB2:2|GB3:3.630000000000001
07/01/2026 15:00:00,07/01/2026 16:00:00,9.18,760.95,0,0,1234.46,GB1:3|GB2:2|GB3:4|OB1:0.17999999999999972
07/01/2026 16:00:00,07/01/2026 17:00:00,9.36,794.93,0,0,1260.9199999999998,GB1:3|GB2:2|GB3:4|OB1:0.35999999999999943
07/01/2026 17:00:00,07/01/2026 18:00:00,9.31,935.43,0,0,1253.5700000000002,GB1:3|GB2:2|GB3:4|OB1:0.3100000000000005
07/01/2026 18:00:00,07/01/2026 19:00:00,8.65,927.3,0,0,1160.4,GB1:3|GB2:2|GB3:3.6500000000000004
07/01/2026 19:00:00,07/01/2026 20:00:00,8.52,860.09,0,0,1142.7199999999998,GB1:3|GB2:2|GB3:3.5199999999999996
07/01/2026 20:00:00,07/01/2026 21:00:00,8.47,728.78,0,0,1135.92,GB1:3|GB2:2|GB3:3.4700000000000006
07/01/2026 21:00:00,07/01/2026 22:00:00,8.35,693.96,0,0,1119.6,GB1:3|GB2:2|GB3:3.3499999999999996
07/01/2026 22:00:00,07/01/2026 23:00:00,8.21,679.82,0,0,1100.5600000000002,GB1:3|GB2:2|GB3:3.210000000000001
07/01/2026 23:00:00,08/01/2026 00:00:00,8.07,652.53,0,0,1081.52,GB1:3|GB2:2|GB3:3.0700000000000003
08/01/2026 00:00:00,08/01/2026 01:00:00,7.94,623.98,0,0,1063.8400000000001,GB1:3|GB2:2|GB3:2.9400000000000004
08/01/2026 01:00:00,08/01/2026 02:00:00,7.89,620.83,0,0,1057.04,GB1:3|GB2:2|GB3:2.8899999999999997
08/01/2026 02:00:00,08/01/2026 03:00:00,7.97,631.59,0,0,1067.92,GB1:3|GB2:2|GB3:2.9699999999999998
08/01/2026 03:00:00,08/01/2026 04:00:00,8.04,616.27,0,0,1077.4399999999998,GB1:3|GB2:2|GB3:3.039999999999999
08/01/2026 04:00:00,08/01/2026 05:00:00,8.8,637.13,0,0,1180.8000000000002,GB1:3|GB2:2|GB3:3.8000000000000007
08/01/2026 05:00:00,08/01/2026 06:00:00,8.7,656.73,0,0,1167.1999999999998,GB1:3|GB2:2|GB3:3.6999999999999993
08/01/2026 06:00:00,08/01/2026 07:00:00,8.7,731.4,0,0,1167.1999999999998,GB1:3|GB2:2|GB3:3.6999999999999993
08/01/2026 07:00:00,08/01/2026 08:00:00,8.26,946.85,0,0,1107.36,GB1:3|GB2:2|GB3:3.26
08/01/2026 08:00:00,08/01/2026 09:00:00,8.53,1261.42,0,0,1144.08,GB1:3|GB2:2|GB3:3.5299999999999994
08/01/2026 09:00:00,08/01/2026 10:00:00,8.61,1440.08,0,0,1154.96,GB1:3|GB2:2|GB3:3.6099999999999994
08/01/2026 10:00:00,08/01/2026 11:00:00,8.36,1553.75,0,0,1120.96,GB1:3|GB2:2|GB3:3.3599999999999994
08/01/2026 11:00:00,08/01/2026 12:00:00,8.28,1592.46,0,0,1110.08,GB1:3|GB2:2|GB3:3.2799999999999994
08/01/2026 12:00:00,08/01/2026 13:00:00,8.12,1645.95,0,0,1088.32,GB1:3|GB2:2|GB3:3.119999999999999
08/01/2026 13:00:00,08/01/2026 14:00:00,7.99,1765.09,0,0,1070.64,GB1:3|GB2:2|GB3:2.99
08/01/2026 14:00:00,08/01/2026 15:00:00,8.22,1977.08,0,0,1101.92,GB1:3|GB2:2|GB3:3.2200000000000006
08/01/2026 15:00:00,08/01/2026 16:00:00,7.75,1975.83,0,0,1038,GB1:3|GB2:2|GB3:2.75
08/01/2026 16:00:00,08/01/2026 17:00:00,7.87,1939.01,0,0,1054.32,GB1:3|GB2:2|GB3:2.87
08/01/2026 17:00:00,08/01/2026 18:00:00,7.59,1747.44,0,0,1016.24,GB1:3|GB2:2|GB3:2.59
08/01/2026 18:00:00,08/01/2026 19:00:00,7.83,1489.98,0,0,1048.88,GB1:3|GB2:2|GB3:2.83
08/01/2026 19:00:00,08/01/2026 20:00:00,7.87,1040.51,0,0,1054.32,GB1:3|GB2:2|GB3:2.87
08/01/2026 20:00:00,08/01/2026 21:00:00,7.81,763.12,0,0,1046.1599999999999,GB1:3|GB2:2|GB3:2.8099999999999996
08/01/2026 21:00:00,08/01/2026 22:00:00,7.7,706.01,0,0,1031.2,GB1:3|GB2:2|GB3:2.7
08/01/2026 22:00:00,08/01/2026 23:00:00,7.79,677.15,0,0,1043.44,GB1:3|GB2:2|GB3:2.79
08/01/2026 23:00:00,09/01/2026 00:00:00,7.61,584.83,0,0,1018.96,GB1:3|GB2:2|GB3:2.6100000000000003
09/01/2026 00:00:00,09/01/2026 01:00:00,7.56,589.97,0,0,1012.16,GB1:3|GB2:2|GB3:2.5599999999999996
09/01/2026 01:00:00,09/01/2026 02:00:00,7.56,528.16,0,0,1012.16,GB1:3|GB2:2|GB3:2.5599999999999996
09/01/2026 02:00:00,09/01/2026 03:00:00,7.58,428.49,0,0,1014.88,GB1:3|GB2:2|GB3:2.58
09/01/2026 03:00:00,09/01/2026 04:00:00,7.8,379.85,0,0,1044.8,GB1:3|GB2:2|GB3:2.8
09/01/2026 04:00:00,09/01/2026 05:00:00,8.43,362.54,0,0,1130.48,GB1:3|GB2:2|GB3:3.4299999999999997
09/01/2026 05:00:00,09/01/2026 06:00:00,8.43,422.7,0,0,1130.48,GB1:3|GB2:2|GB3:3.4299999999999997
09/01/2026 06:00:00,09/01/2026 07:00:00,8.39,542.47,0,0,1125.04,GB1:3|GB2:2|GB3:3.3900000000000006
09/01/2026 07:00:00,09/01/2026 08:00:00,7.83,629.87,0,0,1048.88,GB1:3|GB2:2|GB3:2.83
09/01/2026 08:00:00,09/01/2026 09:00:00,8.14,668.38,0,0,1091.04,GB1:3|GB2:2|GB3:3.1400000000000006
09/01/2026 09:00:00,09/01/2026 10:00:00,8.39,666.07,0,0,1125.04,GB1:3|GB2:2|GB3:3.3900000000000006
09/01/2026 10:00:00,09/01/2026 11:00:00,8.24,701.8,0,0,1104.64,GB1:3|GB2:2|GB3:3.24
09/01/2026 11:00:00,09/01/2026 12:00:00,8.02,641.02,0,0,1074.7199999999998,GB1:3|GB2:2|GB3:3.0199999999999996
09/01/2026 12:00:00,09/01/2026 13:00:00,7.85,620.25,0,0,1051.6,GB1:3|GB2:2|GB3:2.8499999999999996
09/01/2026 13:00:00,09/01/2026 14:00:00,7.83,619.01,0,0,1048.88,GB1:3|GB2:2|GB3:2.83
09/01/2026 14:00:00,09/01/2026 15:00:00,8.16,618.9,0,0,1093.76,GB1:3|GB2:2|GB3:3.16
09/01/2026 15:00:00,09/01/2026 16:00:00,8.1,636.91,0,0,1085.6,GB1:3|GB2:2|GB3:3.0999999999999996
09/01/2026 16:00:00,09/01/2026 17:00:00,8.06,654.3,0,0,1080.16,GB1:3|GB2:2|GB3:3.0600000000000005
09/01/2026 17:00:00,09/01/2026 18:00:00,7.68,691.26,0,0,1028.48,GB1:3|GB2:2|GB3:2.6799999999999997
09/01/2026 18:00:00,09/01/2026 19:00:00,7.87,661.51,0,0,1054.32,GB1:3|GB2:2|GB3:2.87
09/01/2026 19:00:00,09/01/2026 20:00:00,7.72,626.13,0,0,1033.92,GB1:3|GB2:2|GB3:2.7199999999999998
09/01/2026 20:00:00,09/01/2026 21:00:00,7.62,618.66,0,0,1020.3199999999999,GB1:3|GB2:2|GB3:2.62
09/01/2026 21:00:00,09/01/2026 22:00:00,7.62,600.05,0,0,1020.3199999999999,GB1:3|GB2:2|GB3:2.62
09/01/2026 22:00:00,09/01/2026 23:00:00,7.61,598.37,0,0,1018.96,GB1:3|GB2:2|GB3:2.6100000000000003
09/01/2026 23:00:00,10/01/2026 00:00:00,7.54,556.7,0,0,1009.44,GB1:3|GB2:2|GB3:2.54
10/01/2026 00:00:00,10/01/2026 01:00:00,7.6,543.88,0,0,1017.5999999999999,GB1:3|GB2:2|GB3:2.5999999999999996
10/01/2026 01:00:00,10/01/2026 02:00:00,7.72,521.35,0,0,1033.92,GB1:3|GB2:2|GB3:2.7199999999999998
10/01/2026 02:00:00,10/01/2026 03:00:00,7.83,494.92,0,0,1048.88,GB1:3|GB2:2|GB3:2.83
10/01/2026 03:00:00,10/01/2026 04:00:00,7.99,497.14,0,0,1070.64,GB1:3|GB2:2|GB3:2.99
10/01/2026 04:00:00,10/01/2026 05:00:00,8.7,496.97,0,0,1167.1999999999998,GB1:3|GB2:2|GB3:3.6999999999999993
10/01/2026 05:00:00,10/01/2026 06:00:00,8.86,511.53,0,0,1188.96,GB1:3|GB2:2|GB3:3.8599999999999994
10/01/2026 06:00:00,10/01/2026 07:00:00,9.17,522.73,0,0,1232.99,GB1:3|GB2:2|GB3:4|OB1:0.16999999999999993
10/01/2026 07:00:00,10/01/2026 08:00:00,8.55,572.83,0,0,1146.8000000000002,GB1:3|GB2:2|GB3:3.5500000000000007
10/01/2026 08:00:00,10/01/2026 09:00:00,8.68,635.32,0,0,1164.48,GB1:3|GB2:2|GB3:3.6799999999999997
10/01/2026 09:00:00,10/01/2026 10:00:00,8.57,689.62,0,0,1149.52,GB1:3|GB2:2|GB3:3.5700000000000003
10/01/2026 10:00:00,10/01/2026 11:00:00,8.42,724.72,0,0,1129.12,GB1:3|GB2:2|GB3:3.42
10/01/2026 11:00:00,10/01/2026 12:00:00,8.07,754.16,0,0,1081.52,GB1:3|GB2:2|GB3:3.0700000000000003
10/01/2026 12:00:00,10/01/2026 13:00:00,7.76,754.23,0,0,1039.36,GB1:3|GB2:2|GB3:2.76
10/01/2026 13:00:00,10/01/2026 14:00:00,7.83,782.44,0,0,1048.88,GB1:3|GB2:2|GB3:2.83
10/01/2026 14:00:00,10/01/2026 15:00:00,7.93,822.71,0,0,1062.48,GB1:3|GB2:2|GB3:2.9299999999999997
10/01/2026 15:00:00,10/01/2026 16:00:00,8.32,873.24,0,0,1115.52,GB1:3|GB2:2|GB3:3.3200000000000003
10/01/2026 16:00:00,10/01/2026 17:00:00,8.39,956.46,0,0,1125.04,GB1:3|GB2:2|GB3:3.3900000000000006
10/01/2026 17:00:00,10/01/2026 18:00:00,8.52,1042.54,0,0,1142.7199999999998,GB1:3|GB2:2|GB3:3.5199999999999996
10/01/2026 18:00:00,10/01/2026 19:00:00,8.09,1022.98,0,0,1084.24,GB1:3|GB2:2|GB3:3.09
10/01/2026 19:00:00,10/01/2026 20:00:00,7.83,958.68,0,0,1048.88,GB1:3|GB2:2|GB3:2.83
10/01/2026 20:00:00,10/01/2026 21:00:00,7.75,900.29,0,0,1038,GB1:3|GB2:2|GB3:2.75
10/01/2026 21:00:00,10/01/2026 22:00:00,7.77,845.89,0,0,1040.7199999999998,GB1:3|GB2:2|GB3:2.7699999999999996
10/01/2026 22:00:00,10/01/2026 23:00:00,7.68,804.57,0,0,1028.48,GB1:3|GB2:2|GB3:2.6799999999999997
10/01/2026 23:00:00,11/01/2026 00:00:00,7.74,733.72,0,0,1036.64,GB1:3|GB2:2|GB3:2.74
11/01/2026 00:00:00,11/01/2026 01:00:00,7.69,724.04,0,0,1029.8400000000001,GB1:3|GB2:2|GB3:2.6900000000000004
11/01/2026 01:00:00,11/01/2026 02:00:00,7.92,692.99,0,0,1061.12,GB1:3|GB2:2|GB3:2.92
11/01/2026 02:00:00,11/01/2026 03:00:00,7.89,657.78,0,0,1057.04,GB1:3|GB2:2|GB3:2.8899999999999997
11/01/2026 03:00:00,11/01/2026 04:00:00,7.98,634.06,0,0,1069.2800000000002,GB1:3|GB2:2|GB3:2.9800000000000004
11/01/2026 04:00:00,11/01/2026 05:00:00,8.78,617.77,0,0,1178.08,GB1:3|GB2:2|GB3:3.7799999999999994
11/01/2026 05:00:00,11/01/2026 06:00:00,9.02,616.17,0,0,1210.9399999999998,GB1:3|GB2:2|GB3:4|OB1:0.019999999999999574
11/01/2026 06:00:00,11/01/2026 07:00:00,9.25,610.28,0,0,1244.75,GB1:3|GB2:2|GB3:4|OB1:0.25
11/01/2026 07:00:00,11/01/2026 08:00:00,8.65,629.57,0,0,1160.4,GB1:3|GB2:2|GB3:3.6500000000000004
11/01/2026 08:00:00,11/01/2026 09:00:00,8.82,687.85,0,0,1183.52,GB1:3|GB2:2|GB3:3.8200000000000003
11/01/2026 09:00:00,11/01/2026 10:00:00,8.77,770.36,0,0,1176.7199999999998,GB1:3|GB2:2|GB3:3.7699999999999996
11/01/2026 10:00:00,11/01/2026 11:00:00,8.9,752.28,0,0,1194.4,GB1:3|GB2:2|GB3:3.9000000000000004
11/01/2026 11:00:00,11/01/2026 12:00:00,8.85,746.56,0,0,1187.6,GB1:3|GB2:2|GB3:3.8499999999999996
11/01/2026 12:00:00,11/01/2026 13:00:00,8.85,725.42,0,0,1187.6,GB1:3|GB2:2|GB3:3.8499999999999996
11/01/2026 13:00:00,11/01/2026 14:00:00,8.75,721.16,0,0,1174,GB1:3|GB2:2|GB3:3.75
11/01/2026 14:00:00,11/01/2026 15:00:00,8.3,738.79,0,0,1112.8000000000002,GB1:3|GB2:2|GB3:3.3000000000000007
11/01/2026 15:00:00,11/01/2026 16:00:00,8.86,756.71,0,0,1188.96,GB1:3|GB2:2|GB3:3.8599999999999994
11/01/2026 16:00:00,11/01/2026 17:00:00,8.84,835.01,0,0,1186.24,GB1:3|GB2:2|GB3:3.84
11/01/2026 17:00:00,11/01/2026 18:00:00,8.79,868.6,0,0,1179.4399999999998,GB1:3|GB2:2|GB3:3.789999999999999
11/01/2026 18:00:00,11/01/2026 19:00:00,8.16,838.69,0,0,1093.76,GB1:3|GB2:2|GB3:3.16
11/01/2026 19:00:00,11/01/2026 20:00:00,7.98,793.56,0,0,1069.2800000000002,GB1:3|GB2:2|GB3:2.9800000000000004
11/01/2026 20:00:00,11/01/2026 21:00:00,8.14,717.59,0,0,1091.04,GB1:3|GB2:2|GB3:3.1400000000000006
11/01/2026 21:00:00,11/01/2026 22:00:00,7.93,708.68,0,0,1062.48,GB1:3|GB2:2|GB3:2.9299999999999997
11/01/2026 22:00:00,11/01/2026 23:00:00,8.01,692.54,0,0,1073.36,GB1:3|GB2:2|GB3:3.01
11/01/2026 23:00:00,12/01/2026 00:00:00,7.93,634.73,0,0,1062.48,GB1:3|GB2:2|GB3:2.9299999999999997
12/01/2026 00:00:00,12/01/2026 01:00:00,8.27,584.97,0,0,1108.7199999999998,GB1:3|GB2:2|GB3:3.2699999999999996
12/01/2026 01:00:00,12/01/2026 02:00:00,8.56,582.54,0,0,1148.16,GB1:3|GB2:2|GB3:3.5600000000000005
12/01/2026 02:00:00,12/01/2026 03:00:00,8.72,583.19,0,0,1169.92,GB1:3|GB2:2|GB3:3.7200000000000006
12/01/2026 03:00:00,12/01/2026 04:00:00,8.8,524.3,0,0,1180.8000000000002,GB1:3|GB2:2|GB3:3.8000000000000007
12/01/2026 04:00:00,12/01/2026 05:00:00,9.65,535.86,0,0,1303.55,GB1:3|GB2:2|GB3:4|OB1:0.6500000000000004
12/01/2026 05:00:00,12/01/2026 06:00:00,9.81,552.61,0,0,1327.0700000000002,GB1:3|GB2:2|GB3:4|OB1:0.8100000000000005
12/01/2026 06:00:00,12/01/2026 07:00:00,10.18,592.78,0,0,1381.46,GB1:3|GB2:2|GB3:4|OB1:1.1799999999999997
12/01/2026 07:00:00,12/01/2026 08:00:00,9.52,590.03,0,0,1284.44,GB1:3|GB2:2|GB3:4|OB1:0.5199999999999996
12/01/2026 08:00:00,12/01/2026 09:00:00,9.43,669.06,0,0,1271.21,GB1:3|GB2:2|GB3:4|OB1:0.4299999999999997
12/01/2026 09:00:00,12/01/2026 10:00:00,9.5,682.19,0,0,1281.5,GB1:3|GB2:2|GB3:4|OB1:0.5
12/01/2026 10:00:00,12/01/2026 11:00:00,9.69,619.45,0,0,1309.4299999999998,GB1:3|GB2:2|GB3:4|OB1:0.6899999999999995
12/01/2026 11:00:00,12/01/2026 12:00:00,8.82,627.63,0,0,1183.52,GB1:3|GB2:2|GB3:3.8200000000000003
12/01/2026 12:00:00,12/01/2026 13:00:00,8.35,703.45,0,0,1119.6,GB1:3|GB2:2|GB3:3.3499999999999996
12/01/2026 13:00:00,12/01/2026 14:00:00,8.42,759.45,0,0,1129.12,GB1:3|GB2:2|GB3:3.42
12/01/2026 14:00:00,12/01/2026 15:00:00,8.55,754.84,0,0,1146.8000000000002,GB1:3|GB2:2|GB3:3.5500000000000007
12/01/2026 15:00:00,12/01/2026 16:00:00,9.12,707.21,0,0,1225.6399999999999,GB1:3|GB2:2|GB3:4|OB1:0.11999999999999922
12/01/2026 16:00:00,12/01/2026 17:00:00,9.24,843.14,0,0,1243.28,GB1:3|GB2:2|GB3:4|OB1:0.2400000000000002
12/01/2026 17:00:00,12/01/2026 18:00:00,9.6,886.73,0,0,1296.2,GB1:3|GB2:2|GB3:4|OB1:0.5999999999999996
12/01/2026 18:00:00,12/01/2026 19:00:00,9.22,865.37,0,0,1240.3400000000001,GB1:3|GB2:2|GB3:4|OB1:0.22000000000000064
12/01/2026 19:00:00,12/01/2026 20:00:00,9.25,764.65,0,0,1244.75,GB1:3|GB2:2|GB3:4|OB1:0.25
12/01/2026 20:00:00,12/01/2026 21:00:00,9.45,697.29,0,0,1274.1499999999999,GB1:3|GB2:2|GB3:4|OB1:0.4499999999999993
12/01/2026 21:00:00,12/01/2026 22:00:00,9.61,683.2,0,0,1297.6699999999998,GB1:3|GB2:2|GB3:4|OB1:0.6099999999999994
12/01/2026 22:00:00,12/01/2026 23:00:00,9.57,672.44,0,0,1291.79,GB1:3|GB2:2|GB3:4|OB1:0.5700000000000003
12/01/2026 23:00:00,13/01/2026 00:00:00,9.42,632.02,0,0,1269.74,GB1:3|GB2:2|GB3:4|OB1:0.41999999999999993
13/01/2026 00:00:00,13/01/2026 01:00:00,9.48,629.96,0,0,1278.56,GB1:3|GB2:2|GB3:4|OB1:0.4800000000000004
13/01/2026 01:00:00,13/01/2026 02:00:00,9.6,617.89,0,0,1296.2,GB1:3|GB2:2|GB3:4|OB1:0.5999999999999996
13/01/2026 02:00:00,13/01/2026 03:00:00,9.64,617.86,0,0,1302.0800000000002,GB1:3|GB2:2|GB3:4|OB1:0.6400000000000006
13/01/2026 03:00:00,13/01/2026 04:00:00,9.63,628.34,0,0,1300.6100000000001,GB1:3|GB2:2|GB3:4|OB1:0.6300000000000008
13/01/2026 04:00:00,13/01/2026 05:00:00,10.19,643.88,0,0,1382.9299999999998,GB1:3|GB2:2|GB3:4|OB1:1.1899999999999995
13/01/2026 05:00:00,13/01/2026 06:00:00,10.56,643.19,0,0,1437.3200000000002,GB1:3|GB2:2|GB3:4|OB1:1.5600000000000005
13/01/2026 06:00:00,13/01/2026 07:00:00,10.63,722.71,0,0,1447.6100000000001,GB1:3|GB2:2|GB3:4|OB1:1.6300000000000008
13/01/2026 07:00:00,13/01/2026 08:00:00,9.74,866.69,0,0,1316.78,GB1:3|GB2:2|GB3:4|OB1:0.7400000000000002
13/01/2026 08:00:00,13/01/2026 09:00:00,9.54,967.79,0,0,1287.3799999999999,GB1:3|GB2:2|GB3:4|OB1:0.5399999999999991
13/01/2026 09:00:00,13/01/2026 10:00:00,9.63,988.41,0,0,1300.6100000000001,GB1:3|GB2:2|GB3:4|OB1:0.6300000000000008
13/01/2026 10:00:00,13/01/2026 11:00:00,9.55,1060.22,0,0,1288.8500000000001,GB1:3|GB2:2|GB3:4|OB1:0.5500000000000007
13/01/2026 11:00:00,13/01/2026 12:00:00,8.74,925.48,0,0,1172.64,GB1:3|GB2:2|GB3:3.74
13/01/2026 12:00:00,13/01/2026 13:00:00,7.99,879.31,0,0,1070.64,GB1:3|GB2:2|GB3:2.99
13/01/2026 13:00:00,13/01/2026 14:00:00,7.78,844.21,0,0,1042.08,GB1:3|GB2:2|GB3:2.7800000000000002
13/01/2026 14:00:00,13/01/2026 15:00:00,7.85,913.37,0,0,1051.6,GB1:3|GB2:2|GB3:2.8499999999999996
13/01/2026 15:00:00,13/01/2026 16:00:00,8.47,900.54,0,0,1135.92,GB1:3|GB2:2|GB3:3.4700000000000006
13/01/2026 16:00:00,13/01/2026 17:00:00,8.76,908.48,0,0,1175.36,GB1:3|GB2:2|GB3:3.76
13/01/2026 17:00:00,13/01/2026 18:00:00,8.97,923.64,0,0,1203.92,GB1:3|GB2:2|GB3:3.9700000000000006
13/01/2026 18:00:00,13/01/2026 19:00:00,8.32,835.6,0,0,1115.52,GB1:3|GB2:2|GB3:3.3200000000000003
13/01/2026 19:00:00,13/01/2026 20:00:00,8.4,737.43,0,0,1126.4,GB1:3|GB2:2|GB3:3.4000000000000004
13/01/2026 20:00:00,13/01/2026 21:00:00,8.58,679.61,0,0,1150.88,GB1:3|GB2:2|GB3:3.58
13/01/2026 21:00:00,13/01/2026 22:00:00,8.54,665.85,0,0,1145.4399999999998,GB1:3|GB2:2|GB3:3.539999999999999
13/01/2026 22:00:00,13/01/2026 23:00:00,8.57,652.45,0,0,1149.52,GB1:3|GB2:2|GB3:3.5700000000000003
13/01/2026 23:00:00,14/01/2026 00:00:00,8.47,603.25,0,0,1135.92,GB1:3|GB2:2|GB3:3.4700000000000006
14/01/2026 00:00:00,14/01/2026 01:00:00,8.5,639.34,0,0,1140,GB1:3|GB2:2|GB3:3.5
14/01/2026 01:00:00,14/01/2026 02:00:00,8.5,629.87,0,0,1140,GB1:3|GB2:2|GB3:3.5
14/01/2026 02:00:00,14/01/2026 03:00:00,8.53,641.69,0,0,1144.08,GB1:3|GB2:2|GB3:3.5299999999999994
14/01/2026 03:00:00,14/01/2026 04:00:00,8.69,643.82,0,0,1165.84,GB1:3|GB2:2|GB3:3.6899999999999995
14/01/2026 04:00:00,14/01/2026 05:00:00,9.66,654.9,0,0,1305.02,GB1:3|GB2:2|GB3:4|OB1:0.6600000000000001
14/01/2026 05:00:00,14/01/2026 06:00:00,9.87,669.92,0,0,1335.8899999999999,GB1:3|GB2:2|GB3:4|OB1:0.8699999999999992
14/01/2026 06:00:00,14/01/2026 07:00:00,10.13,696.52,0,0,1374.1100000000001,GB1:3|GB2:2|GB3:4|OB1:1.1300000000000008
14/01/2026 07:00:00,14/01/2026 08:00:00,9.52,785.63,0,0,1284.44,GB1:3|GB2:2|GB3:4|OB1:0.5199999999999996
14/01/2026 08:00:00,14/01/2026 09:00:00,9.55,963.6,0,0,1288.8500000000001,GB1:3|GB2:2|GB3:4|OB1:0.5500000000000007
14/01/2026 09:00:00,14/01/2026 10:00:00,9.3,986.57,0,0,1252.1000000000001,GB1:3|GB2:2|GB3:4|OB1:0.3000000000000007
14/01/2026 10:00:00,14/01/2026 11:00:00,9.08,870.16,0,0,1219.76,GB1:3|GB2:2|GB3:4|OB1:0.08000000000000007
14/01/2026 11:00:00,14/01/2026 12:00:00,8.78,803.49,0,0,1178.08,GB1:3|GB2:2|GB3:3.7799999999999994
14/01/2026 12:00:00,14/01/2026 13:00:00,8.46,773.19,0,0,1134.5600000000002,GB1:3|GB2:2|GB3:3.460000000000001
14/01/2026 13:00:00,14/01/2026 14:00:00,8.4,774.12,0,0,1126.4,GB1:3|GB2:2|GB3:3.4000000000000004
14/01/2026 14:00:00,14/01/2026 15:00:00,8.63,859.62,0,0,1157.68,GB1:3|GB2:2|GB3:3.630000000000001
14/01/2026 15:00:00,14/01/2026 16:00:00,9.18,1031.37,0,0,1234.46,GB1:3|GB2:2|GB3:4|OB1:0.17999999999999972
14/01/2026 16:00:00,14/01/2026 17:00:00,9.36,1118.16,0,0,1260.9199999999998,GB1:3|GB2:2|GB3:4|OB1:0.35999999999999943
14/01/2026 17:00:00,14/01/2026 18:00:00,9.31,1632.99,0,0,1253.5700000000002,GB1:3|GB2:2|GB3:4|OB1:0.3100000000000005
14/01/2026 18:00:00,14/01/2026 19:00:00,8.65,1351.03,0,0,1160.4,GB1:3|GB2:2|GB3:3.6500000000000004
14/01/2026 19:00:00,14/01/2026 20:00:00,8.52,1182.25,0,0,1142.7199999999998,GB1:3|GB2:2|GB3:3.5199999999999996
14/01/2026 20:00:00,14/01/2026 21:00:00,8.47,968.32,0,0,1135.92,GB1:3|GB2:2|GB3:3.4700000000000006
14/01/2026 21:00:00,14/01/2026 22:00:00,8.35,820.13,0,0,1119.6,GB1:3|GB2:2|GB3:3.3499999999999996
14/01/2026 22:00:00,14/01/2026 23:00:00,8.21,772.81,0,0,1100.5600000000002,GB1:3|GB2:2|GB3:3.210000000000001
14/01/2026 23:00:00,15/01/2026 00:00:00,8.07,724,0,0,1081.52,GB1:3|GB2:2|GB3:3.0700000000000003
15/01/2026 00:00:00,15/01/2026 01:00:00,7.94,751.81,0,0,1063.8400000000001,GB1:3|GB2:2|GB3:2.9400000000000004
15/01/2026 01:00:00,15/01/2026 02:00:00,7.89,702.73,0,0,1057.04,GB1:3|GB2:2|GB3:2.8899999999999997
15/01/2026 02:00:00,15/01/2026 03:00:00,7.97,667.56,0,0,1067.92,GB1:3|GB2:2|GB3:2.9699999999999998
15/01/2026 03:00:00,15/01/2026 04:00:00,8.04,633.69,0,0,1077.4399999999998,GB1:3|GB2:2|GB3:3.039999999999999
15/01/2026 04:00:00,15/01/2026 05:00:00,8.8,619.66,0,0,1180.8000000000002,GB1:3|GB2:2|GB3:3.8000000000000007
15/01/2026 05:00:00,15/01/2026 06:00:00,8.7,645.91,0,0,1167.1999999999998,GB1:3|GB2:2|GB3:3.6999999999999993
15/01/2026 06:00:00,15/01/2026 07:00:00,8.7,717.21,0,0,1167.1999999999998,GB1:3|GB2:2|GB3:3.6999999999999993
15/01/2026 07:00:00,15/01/2026 08:00:00,8.26,771.08,0,0,1107.36,GB1:3|GB2:2|GB3:3.26
15/01/2026 08:00:00,15/01/2026 09:00:00,8.53,763.72,0,0,1144.08,GB1:3|GB2:2|GB3:3.5299999999999994
15/01/2026 09:00:00,15/01/2026 10:00:00,8.61,756.49,0,0,1154.96,GB1:3|GB2:2|GB3:3.6099999999999994
15/01/2026 10:00:00,15/01/2026 11:00:00,8.36,747.25,0,0,1120.96,GB1:3|GB2:2|GB3:3.3599999999999994
15/01/2026 11:00:00,15/01/2026 12:00:00,8.28,731.24,0,0,1110.08,GB1:3|GB2:2|GB3:3.2799999999999994
15/01/2026 12:00:00,15/01/2026 13:00:00,8.12,711.96,0,0,1088.32,GB1:3|GB2:2|GB3:3.119999999999999
15/01/2026 13:00:00,15/01/2026 14:00:00,7.99,751.81,0,0,1070.64,GB1:3|GB2:2|GB3:2.99
15/01/2026 14:00:00,15/01/2026 15:00:00,8.22,789.39,0,0,1101.92,GB1:3|GB2:2|GB3:3.2200000000000006
15/01/2026 15:00:00,15/01/2026 16:00:00,7.75,919.78,0,0,1038,GB1:3|GB2:2|GB3:2.75
15/01/2026 16:00:00,15/01/2026 17:00:00,7.87,1009.8,0,0,1054.32,GB1:3|GB2:2|GB3:2.87
15/01/2026 17:00:00,15/01/2026 18:00:00,7.59,1087.15,0,0,1016.24,GB1:3|GB2:2|GB3:2.59
15/01/2026 18:00:00,15/01/2026 19:00:00,7.83,894.75,0,0,1048.88,GB1:3|GB2:2|GB3:2.83
15/01/2026 19:00:00,15/01/2026 20:00:00,7.87,788.25,0,0,1054.32,GB1:3|GB2:2|GB3:2.87
15/01/2026 20:00:00,15/01/2026 21:00:00,7.81,731.05,0,0,1046.1599999999999,GB1:3|GB2:2|GB3:2.8099999999999996
15/01/2026 21:00:00,15/01/2026 22:00:00,7.7,679.36,0,0,1031.2,GB1:3|GB2:2|GB3:2.7
15/01/2026 22:00:00,15/01/2026 23:00:00,7.79,658.95,0,0,1043.44,GB1:3|GB2:2|GB3:2.79
15/01/2026 23:00:00,16/01/2026 00:00:00,7.61,606.4,0,0,1018.96,GB1:3|GB2:2|GB3:2.6100000000000003
16/01/2026 00:00:00,16/01/2026 01:00:00,7.56,605,0,0,1012.16,GB1:3|GB2:2|GB3:2.5599999999999996
16/01/2026 01:00:00,16/01/2026 02:00:00,7.56,560.38,0,0,1012.16,GB1:3|GB2:2|GB3:2.5599999999999996
16/01/2026 02:00:00,16/01/2026 03:00:00,7.58,527.17,0,0,1014.88,GB1:3|GB2:2|GB3:2.58
16/01/2026 03:00:00,16/01/2026 04:00:00,7.8,502.32,0,0,1044.8,GB1:3|GB2:2|GB3:2.8
16/01/2026 04:00:00,16/01/2026 05:00:00,8.43,529.05,0,0,1130.48,GB1:3|GB2:2|GB3:3.4299999999999997
16/01/2026 05:00:00,16/01/2026 06:00:00,8.43,464.57,0,0,1130.48,GB1:3|GB2:2|GB3:3.4299999999999997
16/01/2026 06:00:00,16/01/2026 07:00:00,8.39,461.77,0,0,1125.04,GB1:3|GB2:2|GB3:3.3900000000000006
16/01/2026 07:00:00,16/01/2026 08:00:00,7.83,556.92,0,0,1048.88,GB1:3|GB2:2|GB3:2.83
16/01/2026 08:00:00,16/01/2026 09:00:00,8.14,478.34,0,0,1091.04,GB1:3|GB2:2|GB3:3.1400000000000006
16/01/2026 09:00:00,16/01/2026 10:00:00,8.39,418.3,0,0,1125.04,GB1:3|GB2:2|GB3:3.3900000000000006
16/01/2026 10:00:00,16/01/2026 11:00:00,8.24,464.67,0,0,1104.64,GB1:3|GB2:2|GB3:3.24
16/01/2026 11:00:00,16/01/2026 12:00:00,8.02,551.09,0,0,1074.7199999999998,GB1:3|GB2:2|GB3:3.0199999999999996
16/01/2026 12:00:00,16/01/2026 13:00:00,7.85,626.11,0,0,1051.6,GB1:3|GB2:2|GB3:2.8499999999999996
16/01/2026 13:00:00,16/01/2026 14:00:00,7.83,690.81,0,0,1048.88,GB1:3|GB2:2|GB3:2.83
16/01/2026 14:00:00,16/01/2026 15:00:00,8.16,759.59,0,0,1093.76,GB1:3|GB2:2|GB3:3.16
16/01/2026 15:00:00,16/01/2026 16:00:00,8.1,859.32,0,0,1085.6,GB1:3|GB2:2|GB3:3.0999999999999996
16/01/2026 16:00:00,16/01/2026 17:00:00,8.06,931.31,0,0,1080.16,GB1:3|GB2:2|GB3:3.0600000000000005
16/01/2026 17:00:00,16/01/2026 18:00:00,7.68,1080,0,0,1028.48,GB1:3|GB2:2|GB3:2.6799999999999997
16/01/2026 18:00:00,16/01/2026 19:00:00,7.87,1206.94,0,0,1054.32,GB1:3|GB2:2|GB3:2.87
16/01/2026 19:00:00,16/01/2026 20:00:00,7.72,1156.66,0,0,1033.92,GB1:3|GB2:2|GB3:2.7199999999999998
16/01/2026 20:00:00,16/01/2026 21:00:00,7.62,998.67,0,0,1020.3199999999999,GB1:3|GB2:2|GB3:2.62
16/01/2026 21:00:00,16/01/2026 22:00:00,7.62,878.77,0,0,1020.3199999999999,GB1:3|GB2:2|GB3:2.62
16/01/2026 22:00:00,16/01/2026 23:00:00,7.61,879.46,0,0,1018.96,GB1:3|GB2:2|GB3:2.6100000000000003
16/01/2026 23:00:00,17/01/2026 00:00:00,7.54,778.33,0,0,1009.44,GB1:3|GB2:2|GB3:2.54
17/01/2026 00:00:00,17/01/2026 01:00:00,7.6,781.9,0,0,1017.5999999999999,GB1:3|GB2:2|GB3:2.5999999999999996
17/01/2026 01:00:00,17/01/2026 02:00:00,7.72,756.71,0,0,1033.92,GB1:3|GB2:2|GB3:2.7199999999999998
17/01/2026 02:00:00,17/01/2026 03:00:00,7.83,733.9,0,0,1048.88,GB1:3|GB2:2|GB3:2.83
17/01/2026 03:00:00,17/01/2026 04:00:00,7.99,718.23,0,0,1070.64,GB1:3|GB2:2|GB3:2.99
17/01/2026 04:00:00,17/01/2026 05:00:00,8.7,711.14,0,0,1167.1999999999998,GB1:3|GB2:2|GB3:3.6999999999999993
17/01/2026 05:00:00,17/01/2026 06:00:00,8.86,711.55,0,0,1188.96,GB1:3|GB2:2|GB3:3.8599999999999994
17/01/2026 06:00:00,17/01/2026 07:00:00,9.17,716.1,0,0,1232.99,GB1:3|GB2:2|GB3:4|OB1:0.16999999999999993
17/01/2026 07:00:00,17/01/2026 08:00:00,8.55,741.02,0,0,1146.8000000000002,GB1:3|GB2:2|GB3:3.5500000000000007
17/01/2026 08:00:00,17/01/2026 09:00:00,8.68,791.69,0,0,1164.48,GB1:3|GB2:2|GB3:3.6799999999999997
17/01/2026 09:00:00,17/01/2026 10:00:00,8.57,871.52,0,0,1149.52,GB1:3|GB2:2|GB3:3.5700000000000003
17/01/2026 10:00:00,17/01/2026 11:00:00,8.42,859.9,0,0,1129.12,GB1:3|GB2:2|GB3:3.42
17/01/2026 11:00:00,17/01/2026 12:00:00,8.07,833.81,0,0,1081.52,GB1:3|GB2:2|GB3:3.0700000000000003
17/01/2026 12:00:00,17/01/2026 13:00:00,7.76,836.35,0,0,1039.36,GB1:3|GB2:2|GB3:2.76
17/01/2026 13:00:00,17/01/2026 14:00:00,7.83,811.64,0,0,1048.88,GB1:3|GB2:2|GB3:2.83
17/01/2026 14:00:00,17/01/2026 15:00:00,7.93,842.85,0,0,1062.48,GB1:3|GB2:2|GB3:2.9299999999999997
17/01/2026 15:00:00,17/01/2026 16:00:00,8.32,917.2,0,0,1115.52,GB1:3|GB2:2|GB3:3.3200000000000003
17/01/2026 16:00:00,17/01/2026 17:00:00,8.39,1014.36,0,0,1125.04,GB1:3|GB2:2|GB3:3.3900000000000006
17/01/2026 17:00:00,17/01/2026 18:00:00,8.52,1052.74,0,0,1142.7199999999998,GB1:3|GB2:2|GB3:3.5199999999999996
17/01/2026 18:00:00,17/01/2026 19:00:00,8.09,1073.07,0,0,1084.24,GB1:3|GB2:2|GB3:3.09
17/01/2026 19:00:00,17/01/2026 20:00:00,7.83,1035.37,0,0,1048.88,GB1:3|GB2:2|GB3:2.83
17/01/2026 20:00:00,17/01/2026 21:00:00,7.75,895.85,0,0,1038,GB1:3|GB2:2|GB3:2.75
17/01/2026 21:00:00,17/01/2026 22:00:00,7.77,805.4,0,0,1040.7199999999998,GB1:3|GB2:2|GB3:2.7699999999999996
17/01/2026 22:00:00,17/01/2026 23:00:00,7.68,815.21,0,0,1028.48,GB1:3|GB2:2|GB3:2.6799999999999997
17/01/2026 23:00:00,18/01/2026 00:00:00,7.74,799.55,0,0,1036.64,GB1:3|GB2:2|GB3:2.74
18/01/2026 00:00:00,18/01/2026 01:00:00,7.69,827.12,0,0,1029.8400000000001,GB1:3|GB2:2|GB3:2.6900000000000004
18/01/2026 01:00:00,18/01/2026 02:00:00,7.92,815.73,0,0,1061.12,GB1:3|GB2:2|GB3:2.92
18/01/2026 02:00:00,18/01/2026 03:00:00,7.89,802.28,0,0,1057.04,GB1:3|GB2:2|GB3:2.8899999999999997
18/01/2026 03:00:00,18/01/2026 04:00:00,7.98,766.05,0,0,1069.2800000000002,GB1:3|GB2:2|GB3:2.9800000000000004
18/01/2026 04:00:00,18/01/2026 05:00:00,8.78,763.77,0,0,1178.08,GB1:3|GB2:2|GB3:3.7799999999999994
18/01/2026 05:00:00,18/01/2026 06:00:00,9.02,762.61,0,0,1210.9399999999998,GB1:3|GB2:2|GB3:4|OB1:0.019999999999999574
18/01/2026 06:00:00,18/01/2026 07:00:00,9.25,754.47,0,0,1244.75,GB1:3|GB2:2|GB3:4|OB1:0.25
18/01/2026 07:00:00,18/01/2026 08:00:00,8.65,749.48,0,0,1160.4,GB1:3|GB2:2|GB3:3.6500000000000004
18/01/2026 08:00:00,18/01/2026 09:00:00,8.82,787.67,0,0,1183.52,GB1:3|GB2:2|GB3:3.8200000000000003
18/01/2026 09:00:00,18/01/2026 10:00:00,8.77,802.41,0,0,1176.7199999999998,GB1:3|GB2:2|GB3:3.7699999999999996
18/01/2026 10:00:00,18/01/2026 11:00:00,8.9,761.34,0,0,1194.4,GB1:3|GB2:2|GB3:3.9000000000000004
18/01/2026 11:00:00,18/01/2026 12:00:00,8.85,735.73,0,0,1187.6,GB1:3|GB2:2|GB3:3.8499999999999996
18/01/2026 12:00:00,18/01/2026 13:00:00,8.85,723.57,0,0,1187.6,GB1:3|GB2:2|GB3:3.84999999999999